Metric,t-statistic,p-value,Mean Diff,95% CI,Significant
IoU,1.6362,0.243429,0.0937,"[-0.1526, 0.3400]",ns
F1,1.7552,0.221305,0.1256,"[-0.1823, 0.4335]",ns
Accuracy,2.6908,0.114808,0.1540,"[-0.0923, 0.4003]",ns
Precision,0.7350,0.538835,0.0457,"[-0.2221, 0.3136]",ns
Recall,2.6908,0.114808,0.1540,"[-0.0923, 0.4003]",ns
